{
  "contour1": [
    [
      -42.34375,
      118.234375
    ],
    [
      35.65625,
      119.234375
    ],
    [
      39.65625,
      109.234375
    ],
    [
      36.65625,
      99.234375
    ],
    [
      32.65625,
      89.234375
    ],
    [
      24.65625,
      82.234375
    ],
    [
      23.65625,
      72.234375
    ],
    [
      28.65625,
      62.234375
    ],
    [
      26.65625,
      -51.765625
    ],
    [
      26.65625,
      -81.765625
    ],
    [
      29.65625,
      -91.765625
    ],
    [
      36.65625,
      -99.765625
    ],
    [
      39.65625,
      -109.765625
    ],
    [
      40.65625,
      -119.765625
    ],
    [
      41.65625,
      -129.765625
    ],
    [
      23.65625,
      -133.765625
    ],
    [
      3.65625,
      -132.765625
    ],
    [
      -33.34375,
      -132.765625
    ],
    [
      -40.34375,
      -124.765625
    ],
    [
      -38.34375,
      -114.765625
    ],
    [
      -35.34375,
      -103.765625
    ],
    [
      -29.34375,
      -94.765625
    ],
    [
      -23.34375,
      -85.765625
    ],
    [
      -23.34375,
      9.234375
    ],
    [
      -24.34375,
      28.234375
    ],
    [
      -24.34375,
      59.234375
    ],
    [
      -21.34375,
      69.234375
    ],
    [
      -20.34375,
      80.234375
    ],
    [
      -14.34375,
      89.234375
    ],
    [
      -23.34375,
      95.234375
    ],
    [
      -25.34375,
      85.234375
    ],
    [
      -35.34375,
      90.234375
    ],
    [
      -38.34375,
      100.234375
    ],
    [
      -41.34375,
      110.234375
    ],
    [
      -42.34375,
      118.234375
    ]
  ],
  "contour2" : [
    [
      17.656250000000000,
      57.234375000000000
    ],
    [
      17.656250000000000,
      -73.765625000000000
    ]
  ],
  "contour3" : [
    [
      7.656250000000000,
      57.234375000000000
    ],
    [
      7.656250000000000,
      -73.765625000000000
    ]
  ],
  "contour4" : [
    [
      -3.656250000000000,
      57.234375000000000
    ],
    [
      -3.656250000000000,
      -73.765625000000000
    ]
  ],
  "contour5" : [
    [
      -13.656250000000000,
      57.234375000000000
    ],
    [
      -13.656250000000000,
      -73.765625000000000
    ]
  ],
  "contour6" : [
    [
      -35.343750000000000,
      112.234375000000000
    ],
    [
      35.656250000000000,
      112.234375000000000
    ]
  ],
  "contour7" : [
    [
      33.656250000000000,
      -123.765625000000000
    ],
    [
      -33.343750000000000,
      -123.765625000000000
    ]
  ]
}